filename,predicted_disease_label,predicted_body_location,predicted_caption,ground_truth_disease_label,ground_truth_body_location,ground_truth_caption
youtube/nSw7XdNR0bg_frame_35881_3.jpg,no definitive diagnosis,back,"The image shows the back with multiple small, scattered erythematous macules and papules. Some lesions appear slightly raised and inflamed. The distribution is diffuse across the upper and mid-back, with no clear pattern. The overall appearance suggests a possible inflammatory or infectious dermatosis, but without additional clinical context or diagnostic tools, no specific diagnosis can be confirmed.",vasculitis,"ear, nose","This image depicts Veckus syndrome, a predominantly male disease characterized by clinical diagnoses such as relapsing polychondritis, neutrophilic dermatoses, and forms of vasculitis. It causes subtle chondritis in the ear and nose, often without permanent damage."
youtube/7SJ--nNILsI_frame_160_0_0.jpg,no definitive diagnosis,,"The image shows a solitary, oval-shaped, brownish pigmented lesion on the skin. The lesion has a relatively uniform color and appears to be well-demarcated from the surrounding skin. There are no visible signs of irritation, scaling, or ulceration. The lesion's surface appears slightly textured, possibly due to fine hair or skin texture, but no specific dermatological diagnosis can be made based solely on this image without additional clinical context or diagnostic tools.",allergic contact dermatitis,"nose, face","This image shows a close-up view of a person's face with a red, itchy rash covering their cheeks and nose. The rash appears to be caused by an allergic reaction to a specific trigger, such as an allergen found in food or environmental pollutants. Treatment options include avoiding the allergen, using over-the-counter creams to reduce inflammation and itching, and consulting a dermatologist for prescription medications if the rash persists."
pubmed/19_1d_PMC6755624_10.1177_2324709619877050_fig1_2.png,no definitive diagnosis,knees,"The image shows the anterior aspect of both knees, with visible skin texture and hair. There are no apparent lesions, rashes, or abnormalities that suggest a specific dermatological condition. The skin appears normal with minor variations in pigmentation and natural skin folds around the patellar region.",eruptive xanthoma,No body location information,Tuberoeruptive xanthomas observed on the knees and elbows of the patient.
pubmed/3b_fd_PMC8024261_41467_2021_22340_Fig1_HTML_10.jpg,no definitive diagnosis,head,"The image is an X-ray of the skull, not a dermatological image. It shows bony structures of the head, including the skull, jaw, and cervical spine, but does not display any skin lesions or dermatological findings.",no definitive diagnosis,No body location information,Pedigree of Family C shows the occurrence of a previously unknown type of skeletal dysplasia associated with recessive TMEM53 variants.
pubmed/98_a8_PMC9907656_SRT-28-357-g001_0.jpg,no definitive diagnosis,abdomen,"The image shows the abdomen with diffuse, fine, brownish discoloration and slight textural irregularities across the skin surface. There are no discrete lesions, plaques, or nodules visible. The skin appears uniformly pigmented with no clear signs of specific dermatological pathology.",no definitive diagnosis,abdomen,"Multiple, brown, non-scaled macules and patches on the abdomen."
pubmed/00_58_PMC5621200_IDOJ-8-361-g003_3.jpg,no definitive diagnosis,face,"The image shows a reddish, irregularly shaped area of skin discoloration on the right side of the face, near the eyebrow and extending toward the temple. The area appears to be a bruise or contusion, with some darker pigmentation and possible superficial skin breakdown or scabbing. The lesion is localized and does not show clear signs of a specific dermatological condition.",dermatitis,No body location information,Periorbital classical lesions seen in Paederus dermatitis.
youtube/ZV3lmTHN3_w_frame_51138_2.jpg,no definitive diagnosis,head,"The image shows an area of the scalp with significant trauma, including visible bleeding, raw tissue, and possible hair loss or damage. There is a central reddish, irregularly shaped area surrounded by blood and disrupted skin, suggesting an open wound or injury. The surrounding skin appears inflamed and damaged.",allergic contact dermatitis,No body location information,"This image shows a close-up view of a skin disease characterized by red, inflamed patches on the skin, likely caused by an allergic reaction to an irritant. Treatment options include topical creams and ointments to reduce inflammation and itching."
"note/Klaus Wolff, Lowell Goldsmith, Stephen Katz, Barbara Gilchrest, Amy Paller, D-部分3_00361_17625_0.png",no definitive diagnosis,face,"The image shows a close-up of a man's face with diffuse erythema and scattered small papules or macules, particularly on the forehead, cheeks, and around the nose. There is also mild periorbital edema and a reddish hue to the nasal bridge. The skin appears generally inflamed but lacks a clear, localized lesion that would allow for a specific dermatological diagnosis.",bloom syndrome,No body location information,Bloom syndrome: Prominent
youtube/jJjxGxhcjpU_frame_15202_0_0.jpg,no definitive diagnosis,not specified,"The image shows multiple small, round, pinkish papules on a textured skin surface with visible hair follicles. The lesions appear slightly elevated and have a smooth, glistening surface. There is no clear evidence of a specific dermatological condition based on the visual information alone.",allergic contact dermatitis,No body location information,"This image shows a patient with a skin disease characterized by red, itchy patches on their skin. The cause of this condition is an allergic reaction to a particular substance, and treatment options include topical creams and avoiding the allergen."
youtube/qW99IuAPApU_frame_23492_2.jpg,no definitive diagnosis,torso,"The image shows a close-up of skin on the torso with a tattoo visible on the left side. There is a small, dark, pinpoint lesion indicated by an arrow, surrounded by multiple small, faintly pigmented spots. The overall skin texture appears normal, and no clear dermatological condition can be definitively identified from this view.",allergic contact dermatitis,No body location information,"This image shows a close-up view of a skin disease characterized by red, inflamed patches on the skin, likely caused by an allergic reaction to an irritant. Treatment options include topical creams and avoiding the allergen."
youtube/SVKBH_vJ5fA_frame_60409_1.jpg,no definitive diagnosis,arm,"The image shows a portion of an arm with mild erythema and faint, non-specific discoloration. There are no clearly defined lesions, such as vesicles, plaques, or nodules, that would allow for a specific dermatological diagnosis. The skin appears generally intact without obvious signs of acute inflammation, infection, or systemic rash.",libido racemosa,No body location information,"This image shows lichen planus, a skin disease characterized by breaks in the tight net-like pattern, resulting in large irregular rings, and is often asymmetrical, indicating impaired blood flow."
youtube/QGbWOPXpGqM_frame_34554_0_0.jpg,no definitive diagnosis,back and chest,"The image shows erythematous (red) macules and papules clustered on the upper back and chest area. The lesions appear to be confluent in some areas, with a somewhat symmetrical distribution. There is no clear evidence of scaling, vesicles, or ulceration. The surrounding skin appears unaffected.",allergic contact dermatitis,No body location information,"This image shows a close-up view of a skin disease characterized by red, itchy patches on the skin. The cause of this condition is an allergic reaction to certain irritants, and treatment options include avoiding the allergen and using over-the-counter creams to alleviate symptoms."
public/-6844673583459020552.png,no definitive diagnosis,face,"The image shows diffuse erythema on the cheek, with some areas appearing slightly raised and patchy. There is also a small, discrete red lesion near the corner of the mouth. The skin texture appears otherwise normal, and no distinct lesions such as vesicles, pustules, or scaling are visible. The findings are nonspecific and could represent a variety of conditions such as mild allergic reaction, contact dermatitis, or early inflammatory process.",rosacea,No body location information,"This is a close up clinical image The skin texture of this patient is elevated irregular. The patient's symptoms related to the appearance and sensation of the skin condition are bothersome appearance, itching, burning. The final diagnosis is rosacea.  The duration of the skin condition is less than one week."
IIYI/20385_2.png,no definitive diagnosis,back,"The image shows the back of an individual with multiple scattered skin lesions. These include small red papules or pustules, some darker pigmented macules or scars, and areas of hyperpigmentation. The distribution is widespread across the upper and mid-back. The lesions vary in size and color, suggesting possible chronic or recurrent dermatological conditions, but no single specific disease can be definitively identified from this image alone.",hidradenitis suppurativa,No body location information,"The user posted about having Hidradenitis Suppurativa (毛囊闭锁三联征), discussing primarily the symptoms observed under the armpits which are notably mild. From the discussion, the user and other participants did not provide detailed additional symptoms, potential disease diagnoses, or treatments. Only minimal interaction focused on learning from the posted information, and queries on how the treatment was approached by the poster remained unanswered."
edu/实用皮肤性病手册part1_00311_12159.png,no definitive diagnosis,chest,"The image shows diffuse erythema across the chest and upper abdomen, with visible hair follicles and no discrete lesions, plaques, or vesicles. The erythema is more pronounced in the central chest area and appears to be symmetrically distributed. No scaling, crusting, or ulceration is evident.",drug eruption,No body location information,Urticarial drug eruption
pubmed/78_bc_PMC8896184_IANN_A_2044511_F0010_C_2.png,no definitive diagnosis,toe,"The image shows a dark, discolored area on the toenail, possibly indicative of subungual hematoma or trauma, but no definitive diagnosis can be made without further clinical context.",onychomycosis,No body location information,"Clinical presentations of Beau’s lines, onychomadesis, and retronychia. Retronychia of the right great toenail."
public/dermoscopy-00--fusc2021--0247--2d-none.png,no definitive diagnosis,ankle,"A central necrotic area with a dark, eschar-like appearance surrounded by erythema and possible granulation tissue, suggestive of a wound or ulceration. The surrounding skin shows redness and inflammation, indicating an acute or chronic wound with possible infection or tissue breakdown.","foot ulcer, ulcer",foot,"The image is a close-up dermoscopy of a foot, specifically showing the heel area. The region of interest, located left-center horizontally and lower-middle vertically, with an area ratio of 2.3%, exhibits a foot ulcer with irregular edges, a heterogeneous texture, and a noticeable disruption in skin integrity. This ulceration could be related to other regions of the foot, potentially indicating compromised blood flow or diabetic neuropathy, which are common underlying conditions for foot ulcers. The ulcer's presence suggests a need for careful monitoring and management to prevent further complications such as infection or amputation."
youtube/EHy_53RfOtU_frame_1625_0_0.jpg,no definitive diagnosis,hand,"The image shows the fingers of a hand, with the middle finger exhibiting mild erythema and slight swelling at the proximal interphalangeal joint. The other fingers appear normal without visible lesions or abnormalities. The overall skin texture and nail appearance are unremarkable.",abscess,No body location information,"This image depicts an abscess, a skin disease characterized by a yellow-green color and severe tenderness, resulting from a collection of pus under the skin."
pubmed/7c_b9_PMC5707863_IDOJ_8_521_g002.png,no definitive diagnosis,arm,"The image shows two circumscribed areas on the arm. The larger lesion is a purpuric, bluish-purple macule with a slightly irregular border, possibly representing a recent bruise or hematoma. The smaller lesion is a faint red spot, possibly a minor abrasion or pinpoint hemorrhage. Both are circled with a pen for emphasis, but no definitive dermatological diagnosis can be made from this image alone.",autoimmune hemolytic anemia,forearm,Positive auto-erythrocyte sensitization test compared to control (normal saline) over the left forearm
youtube/qn2EHDqBHk0_frame_13218_2.jpg,no definitive diagnosis,eyelid,"The image shows a close-up of the eyelid with visible erythema, edema, and a small area of ulceration or erosion near the eyelid margin. There is also some crusting and possible exudate. The surrounding skin appears inflamed and irritated. The presence of eyelashes and the anatomical structure suggest this is the eyelid region, possibly near the lash line. The appearance is consistent with acute inflammation or trauma, but no specific dermatological diagnosis can be confirmed without further clinical context.",no definitive diagnosis,No body location information,This image shows a patient with eyelid and conjunctival lesions that disappeared after four months without any surgical intervention.
pubmed/2b_db_PMC7315058_MBSEH_52_119_g001_0.png,no definitive diagnosis,hand,"The image shows the palm of a hand with two small purple star-shaped markings on the skin, likely applied for reference or marking purposes. There are no visible skin lesions, rashes, or abnormalities that suggest a dermatological condition.",no definitive diagnosis,No body location information,Incision procedure
youtube/Rcom9v03f9g_frame_1238_0_0.jpg,no definitive diagnosis,,"The image displays a plated meal, not a skin condition. It includes slices of medium-rare cooked beef, a roasted yellow squash, green beans, a sprig of thyme, and a brown sauce on a white plate. There are no visible skin lesions or dermatological findings.","irritated seborrheic keratosis (from ""sk/isk"")",No body location information,"This image shows a close-up view of a skin disease characterized by red, inflamed patches on the skin, caused by an autoimmune disorder, and can be treated with topical steroids and immunosuppressive medications."
"note/Robert Johr, Wilhelm Stolz - Dermoscopy Criteria Review-McGraw-Hill Professional (2019)_00281_01568_0.png",no definitive diagnosis,,"The image shows a close-up of skin with fine, linear, superficial scratches or superficial abrasions, appearing as white or silvery lines on a pinkish background. There are no clear signs of a specific dermatological condition such as rash, scaling, or blistering. The appearance is consistent with superficial skin trauma or superficial epidermal damage, but no definitive diagnosis can be made without additional clinical context.",no definitive diagnosis,arm,Seen on the arm of a 49-year-old man.
IIYI/12237_2.png,no definitive diagnosis,abdomen,"The image shows multiple small, reddish macules scattered across the abdomen. The lesions are flat, slightly raised, and vary in size. There is no clear pattern or grouping, and no signs of exudation, scaling, or ulceration. The surrounding skin appears otherwise normal.",pityriasis rosea,oral,"The poster is discussing Pityriasis Rosea and seeking information about their treatment options. Pityriasis Rosea often presents without prominent mother patches on limbs. Treatment usually involves self-resolution within 6-8 weeks. Therapeutic options include UVB phototherapy every other day with progressively increasing dosages, oral administration of Compound Qingdai Pills, Histamine Blockers like Chlorpheniramine, Vitamin C, and Calcium Gluconate to alleviate allergic symptoms such as itching. Dietary restrictions on spicy foods and alcohol can significantly shorten the duration of the disease."
edu/Illustrated-Manual-of-Pediatric-Dermatology-Diagno...-批量 OCR_00110_07579.png,no definitive diagnosis,torso and upper arm,"The image shows diffuse erythema across the torso and upper arm, with a more pronounced reddish hue on the right side. There are scattered, faintly pigmented macules on the left side of the torso, which may represent post-inflammatory changes or a non-specific rash. The overall appearance suggests a generalized inflammatory or reactive process rather than a specific dermatological condition.",cellulitis,No body location information,Cellulitis - caused by Streptococcus with marked erythema.
IIYI/25760_2.png,no definitive diagnosis,hand,"The image shows the dorsal surface of a hand with multiple areas of erythema, scaling, and superficial erosion. There are whitish, flaky patches with some areas appearing crusted or fissured, particularly on the back of the hand and extending onto the fingers. One area has a small punctate hemorrhage or crust. The lesions appear localized and non-uniform in distribution, without clear borders. The surrounding skin appears relatively normal, and there are no visible signs of vesicles, bullae, or significant edema.","neurodermatitis, dermatitis",oral,"Female, 50 years old, with a medical history of over 20 years, presenting with slightly itchy rash and absence of the three typical signs of psoriasis (unspecified which signs). Discussion among users suggests possible diagnoses including neurodermatitis, chronic eczema, and psoriasis vulgaris. Additional considerations involved excluding lichen planus, particularly noting any oral lesions, and confirming diagnosis pathologically. A few users supported the diagnosis of psoriasis vulgaris, whereas the majority suggested neurodermatitis as a more likely diagnosis, noting the characteristic presence of skin flakes in some images indicating potential psoriasis."
public/ISIC_5562413.JPG,no definitive diagnosis,unknown,"A solitary, irregularly shaped, darkly pigmented lesion is visible on the skin. The lesion appears asymmetrical with uneven borders and varies in color from dark brown to black. It is surrounded by normal-appearing skin and a few fine hairs are present nearby. No other skin lesions or signs of inflammation are visible.",nevus,No body location information,This is a dermoscopic image captured on the anterior torso showing a benign skin lesion diagnosed as nevus.
pubmed/d9_75_PMC7490996_gr3.png,no definitive diagnosis,left shoulder,"A large, fungating mass is visible on the left shoulder, characterized by an irregular, ulcerated surface with areas of necrosis, exudate, and minimal bleeding. The lesion appears advanced and is likely a malignant tumor or severely infected surgical site, though the specific dermatological diagnosis cannot be determined from the image alone.",no definitive diagnosis,No body location information,First presentation image showing the fungating mass.
edu/Sauer - Manual of Skin Diseases-批量 OCR_00224_11642_0.jpg,no definitive diagnosis,limb,"The image shows a close-up of skin with diffuse erythema and superficial scaling, possibly indicating mild inflammation or dryness. There are no distinct lesions, such as vesicles, ulcers, or plaques, to suggest a specific dermatological condition.",ichthyosis,No body location information,Ichthyosis.
youtube/ZhQn7oXdsZs_frame_45517_0_0.jpg,no definitive diagnosis,buttocks and thighs,"The image shows diffuse erythema and hyperpigmentation on the buttocks and thighs, with areas of possible scaling or crusting. The pattern appears symmetrical and may suggest a chronic inflammatory or post-inflammatory condition, but without additional clinical context or diagnostic tools, no specific dermatological diagnosis can be confirmed.",allergic contact dermatitis,No body location information,"This image shows a close-up view of a skin disease characterized by red, itchy patches on the skin, likely caused by an allergic reaction to an irritant. Treatment options include avoiding the allergen, using over-the-counter creams, and seeing a dermatologist for prescription medication."
youtube/DSIkGCsikYU_frame_37665_11.jpg,no definitive diagnosis,foot,"The image shows a portion of a foot with normal-appearing skin. There are no clearly visible lesions, rashes, or abnormalities that can be definitively identified. The skin appears intact with natural folds and creases.",allergic contact dermatitis,No body location information,"This image shows a close-up view of a skin disease characterized by a red, raised, and itchy patch on the skin, likely caused by an allergic reaction or irritation. Treatment options include topical creams or ointments, avoiding irritants, and seeking medical advice."
IIYI/18372_2.png,no definitive diagnosis,,"The image is of very low resolution and shows indistinct, blurry brownish discolorations on a light skin background. There are no clearly defined borders or features to identify a specific dermatological condition.",nevus,temple,"The poster reported having a growth starting from the head and spreading to the temple area, first noticed around the age of 8 or 9 and has not spread for the last three decades, now in their thirties. The growth occasionally causes itching on the eyelid area. Medical consultations occurred about a decade ago leading to a diagnosis of flat warts by several doctors. Treatments with caustic lotion were attempted, which temporarily removed the warts, but they quickly regrew. The discussion in the forum led to a consensus among responders, who suggested that the condition described is likely verrucous nevus. No new symptoms or additional diagnostic insights were discussed beyond the initial description. No new treatments were suggested in the forum responses."
youtube/IGc9CwT3jPw_frame_14160_1.jpg,no definitive diagnosis,oral cavity,"The image shows the interior of the oral cavity, with visible mucosal tissue. There are areas of erythema (redness) and some whitish patches or plaques, which may suggest mucosal irritation, candidiasis, or other oral mucosal conditions. However, without additional clinical context or diagnostic tools, no definitive diagnosis can be made.",paraneoplastic pemphigus,oral,"This image describes paraneoplastic pemphigus, a skin disease characterized by antibodies against plakins, affecting both males and females equally, and commonly associated with non-Hodgkin lymphoma. Oral manifestations may include ulcerations, erosions, urticarial lesions, bullous eruptions resembling erythema multiforme, itching, and crusting."
"note/Robert Johr, Wilhelm Stolz - Dermoscopy- An Illustrate_00348_17052_0.png",no definitive diagnosis,unknown,"The image shows a small, dark brown, roughly oval lesion on the skin. A ruler is placed below the lesion for scale, indicating it is approximately 4 mm in diameter. The surrounding skin appears normal with visible hair follicles. No other skin lesions or abnormalities are visible. The lesion does not appear to have a clear clinical pattern suggestive of a specific dermatological condition without further clinical context.",no definitive diagnosis,No body location information,"Nevus, seborrheic keratosis, basal cell carcinoma, vascular lesions, dermatofibroma, squamous cell carcinoma, melanoma, other."
youtube/qn2EHDqBHk0_frame_13191_0.jpg,no definitive diagnosis,face,"The image shows a close-up of a face with significant skin abnormalities, including a central lesion on the nasal bridge that appears ulcerated, crusted, and possibly necrotic. There are also multiple small, raised nodules or vesicles near the lesion. The surrounding skin is discolored, rough, and appears to have hyperpigmentation or scarring. The overall appearance suggests a chronic, possibly infectious or inflammatory process, but no specific dermatological diagnosis can be confirmed without further clinical context.",no definitive diagnosis,No body location information,This image shows a patient with eyelid and conjunctival lesions that disappeared after four months without any surgical intervention.
youtube/J9sVNh8KUAU_frame_55281_0_0.jpg,no definitive diagnosis,eyelid,"The image shows the closed eyelid with visible eyelashes and surrounding skin. There is a glossy, moist appearance on the skin, possibly due to moisture or a topical agent. No distinct lesions, rashes, or abnormalities are clearly visible to indicate a specific dermatological condition.",mucormycosis,No body location information,"This image discusses mucormycosis, a rapidly progressive fungal infection that can involve the skin, GI tract, lungs, and other organs. The most common clinical presentation is rhino-orbital cerebral mucormycosis (ROCM), which can range from a localized infection to a full-body disease with involvement of the central nervous system."
IIYI/19461_4.png,no definitive diagnosis,,,"eczema, lichen planus, nail disease",nails,"An 8-year-old male patient is experiencing nail malnutrition (甲营养不良). Routine blood tests, trace elements, and fungal tests on nails have all returned normal results. There was a discussion among forum users about the diagnosis and treatment of the patient's condition. It was mentioned that nail malnutrition can be difficult to diagnose and treat, and suggested treatments were largely limited to supplementing trace elements. Different diagnoses such as nail eczema or lichen planus were considered, though the exact diagnosis remained unclear. There were mentions of conditions including nail thickening and irregularities accompanied by redness around the nails. A suggestion was made to conduct a pathological examination to better identify the condition, possibly leaning towards the diagnosis of nail lichen planus."
note/Sewon-Kang-Fitzpatrick’s-Dermatology[2-Volume Set]-McGraw-Hil-Education(2019)-part6_00276_01143_0.png,no definitive diagnosis,Scrotum and perineum,"The image shows the scrotum and perineal area with dense pubic hair. There is a small, slightly erythematous, and possibly slightly raised lesion visible on the scrotal skin near the base of the penis. The surrounding skin appears normal with no clear signs of widespread inflammation, ulceration, or other distinct dermatological pathology. No definitive diagnosis can be made based on this image alone.",erythrasma,groin,Erythrasma Welldemarcated reddishbrown patches in the axilla and groin The potassium hydroxide preparations were negative  Woods lamp examination showed a bright coral red fluorescence
youtube/p5-sNkNQHUY_frame_29037_0.jpg,no definitive diagnosis,,"The image shows a diffuse, reddish, slightly irregular area on the skin, but lacks sufficient detail to confidently identify a specific dermatological condition.",allergic contact dermatitis,arm,"This image depicts a person with a skin disease characterized by a red, itchy rash on their arm. The cause of the rash is an allergic reaction to a particular substance, and the treatment involves avoiding the allergen and using over-the-counter creams to relieve the symptoms."
pubmed/71_7f_PMC4149335_cia_9_1409Fig1_1.png,no definitive diagnosis,oral cavity,"The image shows the oral cavity, including teeth and soft tissues. There is a visible lesion on the buccal mucosa near the gingiva, appearing as a reddish, slightly raised area with some surface irregularity. The surrounding mucosa appears inflamed or irritated. No definitive dermatological diagnosis can be made without further clinical context or diagnostic tests.",cellulitis,No body location information,Abscess of the mandible affecting the extraction area. The pus is leaking from the empty alveolus. The infection and swelling extend to the second molar.
youtube/jdaN189qAVU_frame_1394_0_0.jpg,no definitive diagnosis,lower leg and ankle,"The image shows a significant open wound on the lower leg, near the ankle. The wound appears to be a deep laceration or abrasion with visible tissue damage, redness, and some necrotic or eschar-like material. Surrounding erythema and bruising are present, suggesting recent trauma or infection. The area is covered with a white dressing, and the foot is visible below the injury.","irritated seborrheic keratosis (from ""sk/isk"")",No body location information,"This image shows a close-up view of a skin disease characterized by red, inflamed patches on the skin. The cause of this condition is an overactive immune response, and treatment options include topical steroids and immunosuppressive medications."
pubmed/bd_c1_PMC8884525_gox-10-e4001-g004_0.jpg,no definitive diagnosis,"lower leg, ankle",The image shows an open wound on the lateral aspect of the ankle with visible tissue damage and a surgical incision marked with ink. There is no clear dermatological lesion or skin disease visible; the appearance is consistent with a surgical site or trauma.,local infection of wound,No body location information,Nonhealing wound on posterolateral heel with exposed Achilles tendon and calcaneum wound after debridement.
youtube/283tIZpT1nA_frame_4307_0.jpg,no definitive diagnosis,,"The image shows a close-up of skin with a text overlay indicating 'ill defined perilesional pigmentary network' and notes that it 'can be lines reticular or brown circles'. The visual quality is low, and no clear lesion or diagnostic feature is discernible beyond the text annotation.",melanoma,No body location information,"This image shows a black structureless skin lesion, which could be a sign of a skin disease such as melanoma. The exact cause and treatment options depend on the specific type of skin disease."
youtube/1OuTdRRFqd0_frame_12623_0_0.jpg,no definitive diagnosis,unknown,"A small, dark red spot is visible on the skin, with a tool (possibly a scalpel or similar instrument) positioned nearby. The surrounding skin appears normal with visible pores. No clear dermatological lesion or disease can be definitively identified from this image alone.",no definitive diagnosis,oral,"This image depicts a skin disease characterized by extreme discomfort, with a red and inflamed appearance. The cause of the disease is not clear, but it may be related to an allergic reaction or an infection. Treatment options include topical creams or ointments, oral medications, and in some cases, corticosteroids or immunosuppressants."
youtube/7RWVilxv6r8_frame_14966_0_0.jpg,no definitive diagnosis,,"The image shows a close-up of skin with a granular, rough texture and a mix of light brown and beige tones. There are no distinct lesions, plaques, or other dermatological features visible that would allow for a specific diagnosis.",lymphoma,No body location information,"This image depicts lymphoma, a type of cancer that affects the lymphatic system, characterized by the presence of abnormal, cancerous cells in the lymph nodes, spleen, or other organs. The exact cause of lymphoma is unknown, but it is thought to be related to a combination of genetic and environmental factors. Treatment options for lymphoma include chemotherapy, radiation therapy, and bone marrow transplantation, among others."
public/lentigo-adults-42.jpg,no definitive diagnosis,,"The image shows a close-up of reddish, slightly textured skin with a moist or shiny appearance, possibly indicating irritation or inflammation. There are no distinct lesions, plaques, or patterns that allow for a specific dermatological diagnosis.","irritated seborrheic keratosis (from ""sk/isk"")",No body location information,"This is a clinical skin image, diagnosed as light diseases and disorders of pigmentation."
youtube/NQXKZcaxkaE_frame_35901_0_0.jpg,no definitive diagnosis,face,"The image shows the face, particularly the eyes and surrounding area. There is a visible red mark on the forehead and some discoloration around the left eye, which appears to have a protruding lesion or swelling. The right eye appears normal. The presence of blue gloves and a mask suggests a clinical setting, but no clear dermatological lesion is identifiable without further context.",choroidal swelling,No body location information,"This image shows a wide field fundus photography of a patient with choroidal swelling, which is caused by pressure on the sclera and choroid, resulting in swelling beneath the choroid and reflected in the fundus examination."
IIYI/1135_3.png,no definitive diagnosis,,"The image displays a computer screen showing a medical record or laboratory report, not a skin lesion or dermatological condition. There are no visible skin findings.",cellulitis,"leg, foot","An 80-year-old female presents with reddish, swollen, warm, and painful right lower leg persisting for 4 days. The symptoms started shortly after she scratched her leg due to 'athlete's foot' and rapidly progressed to involve the entire limb. She experienced fever with a highest recorded temperature of 38.1°C and has not received any treatment prior to hospital visit. During forum discussion, diagnosis of erysipelas, a type of lymphatic infection caused by a skin fungal infection from athlete's foot, was considered. The agreed treatment was bed rest, elevation of the affected limb, and administration of penicillin. Additionally, some suggestions included using traditional Chinese medicine formulations like Si Miao Yong An Tang featuring ingredients such as honeysuckle, scrophularia, licorice, and angelica."
youtube/Rwvw8xmMVP4_frame_8653_0_0.jpg,no definitive diagnosis,lower leg and foot,"The image shows a lower leg and foot wrapped in a thick, multi-layered bandage. The bandage appears to be securing an injury or surgical site, with visible creases and folds. No specific skin lesions, rashes, or dermatological abnormalities are discernible through the bandage. The surrounding skin appears intact but is not clearly visible due to the covering.",psoriasis,No body location information,"This image shows a close-up view of a skin disease characterized by red, itchy patches on the skin. The cause of this condition is an overproduction of skin cells, which can be treated with topical creams and ointments to reduce inflammation and itching."
public/drug-eruptions-74.jpg,no definitive diagnosis,chest and abdomen,"The image shows diffuse erythema and scattered small papules or macules over the chest, abdomen, and upper torso. The skin appears generally erythematous with a mottled appearance, particularly on the chest and abdomen. There are no discrete lesions or patterns that suggest a specific dermatological diagnosis. The distribution is widespread and non-specific.",drug eruption,No body location information,"This is a clinical skin image, diagnosed as exanthems and drug eruptions."
IIYI/28145_5.png,no definitive diagnosis,abdomen,"The image shows multiple erythematous, raised lesions scattered across the abdomen, including around the umbilicus. The lesions vary in size and appear to be inflammatory. There is also visible skin thickening and discoloration on the left forearm, suggesting chronic skin changes. The overall presentation is suggestive of a chronic inflammatory or dermatological condition, but without additional clinical context or diagnostic criteria, no specific diagnosis can be confirmed.","chronic actinic dermatitis, dermatitis","neck, hand, oral","A 63-year-old male complains of generalized itching, with hand backs and neck skin lesions that have persisted for more than ten years and lesions on the trunk and limbs' extensor surfaces for around six months. The primary condition discussed is Chronic Actinic Dermatitis (CAD). Other diagnoses considered are chronic eczema, generalized eczema, disseminated neurodermatitis, and the potential for Mycosis Fungoides (MF) being ruled out through pathology. Treatment suggestions include a regimen of Methimazole, Chlorpheniramine, Vitamin C, Compound Danshen Tablets, Vitamin B1, with specific dosages and treatment courses noted, including injections and topical applications. The possibility of chronic widespread neurodermatitis or chronic eczema along with treatments involving Methimazole, Chlorpheniramine, Vitamin C, Compound Danshen, and Vitamin B1 oral pills, and sulfur ointment applications for itching is also discussed."
"edu/Electra Nicolaidou, Clio Dessinioti, Andreas Katsambas - Hypopigmentation. 1-CRC Press (2019)_00173_00668.png",no definitive diagnosis,face,"The image shows the face of an individual with visible signs of aging and sun damage, including wrinkles, fine lines, and hyperpigmented spots, particularly around the eyes and forehead. There are no discrete, well-defined lesions that suggest a specific dermatological condition.",xeroderma pigmentosum,No body location information,"Preparations containing mercury are still available in many developing countries, and their contents are poorly controlled. Peregrino et al. analyzed whitening products."
IIYI/5381_1.png,no definitive diagnosis,hand,"The image shows the dorsal surface of a hand with diffuse scaling and mild erythema. There are areas of thickened, flaky skin, particularly over the knuckles and proximal interphalangeal joints. The texture appears rough and dry, with some superficial fissuring. No discrete lesions such as vesicles, pustules, or plaques are clearly identifiable. The findings are consistent with chronic xerosis or mild eczematous changes, but no specific dermatosis can be confirmed without additional clinical context.","contact dermatitis, drug eruption, dermatitis","lips, back, hand","The poster reported sudden itching on the back of the hand with the appearance of blisters one day later. The itching was specific to the affected area and not painful. Additionally, there was a green pea-sized itchy spot on the lip, which was not painful, swollen, or red. No other discomforts were mentioned. Further discussions among forum users suggested the possibility of contact dermatitis or drug eruption. Users advised considering the history of the condition and closely examining for any potential triggers that might have been unnoticed by the poster. Potential diagnoses discussed included contact dermatitis and drug-induced dermatitis, with recommendations for a detailed examination of the patient's medical history and symptomatic treatment."
youtube/Pi20y_f-dfY_frame_49685_0_0.jpg,no definitive diagnosis,unknown,"The image shows a close-up view of a surgical or procedural site with instruments in use. There is visible tissue manipulation, possible excision or biopsy, and some bleeding. The surrounding skin appears dark and textured, but no specific dermatological lesion or disease can be definitively identified from this context.",allergic contact dermatitis,No body location information,"This image shows a close-up view of a skin disease characterized by red, itchy patches on the skin. The cause of this condition is an allergic reaction to certain substances, and treatment options include avoiding the allergen and using over-the-counter creams to relieve symptoms."
youtube/3Dx-63EZR24_frame_27589_0_0.jpg,no definitive diagnosis,,"The image appears to be an abstract or artistic representation, possibly depicting a cosmic scene with stars and nebulae, rather than a clinical skin image. The word 'welt' is visible, which may be a watermark or unrelated text. No discernible skin lesions, patterns, or dermatological findings are present.",no definitive diagnosis,No body location information,"This image shows channels on the surface of a planet, which indicate the presence of liquid water in the past and is a prerequisite for life."
youtube/Lng9V5iMGJQ_frame_8835_0_0.jpg,no definitive diagnosis,eyelid and periorbital area,"The image shows a close-up of an eye with visible redness and irritation around the eyelid and conjunctiva. There are superficial blood vessels and a slightly inflamed appearance, possibly indicating conjunctivitis or blepharitis. The skin appears dry and flaky, particularly around the lower eyelid, which may suggest mild dermatitis or environmental irritation. No discrete lesions, such as papules, plaques, or ulcers, are clearly identifiable.",allergic contact dermatitis,No body location information,"This image shows a close-up view of a skin disease characterized by red, inflamed patches on the skin, likely caused by an allergic reaction to a specific substance. Treatment options include avoiding the allergen, using over-the-counter creams, and seeing a dermatologist for prescription medication."
pubmed/64_38_PMC8088159_IDOJ_12_312_g002_0.png,no definitive diagnosis,side of the ear and adjacent scalp,"The image shows multiple small, erythematous, pustular lesions on the side of the ear and adjacent scalp. The lesions appear inflamed and are clustered, possibly representing an acute inflammatory process such as acneiform eruptions, folliculitis, or a localized infection. The presence of multiple piercings on the ear may suggest a potential source of irritation or infection. Without additional clinical context or histopathological confirmation, a definitive diagnosis cannot be made.","irritated seborrheic keratosis (from ""sk/isk"")",No body location information,"Clinical image showing skin-colored papules present bilaterally over the pinna, pre- and post-auricular areas."
public/herpes-type-1-recurrent-3.jpg,no definitive diagnosis,face,"The image shows a close-up of the lower face, including the nose, mouth, and surrounding skin. There is a red, slightly inflamed area on the right cheek near the corner of the mouth, with some scaling or crusting. The lips appear slightly swollen and shiny, with some dryness or flaking at the corners. The skin has a generally fair tone with scattered freckles or lentigines. No specific dermatological diagnosis can be made with certainty based solely on this image.",molluscum contagiosum,No body location information,"This is a clinical skin image, diagnosed as warts molluscum and other viral infections."
youtube/xEYjjpXikwc_frame_3712_0_0.jpg,no definitive diagnosis,unknown,"A small, round, erythematous lesion with a slightly raised, well-demarcated border is visible on the skin. The lesion appears to be a localized area of redness, possibly representing a benign inflammatory or vascular change, such as a small papule, pustule, or early-stage rash. The surrounding skin appears normal with visible skin texture and minor pigmentation variations.","irritated seborrheic keratosis (from ""sk/isk"")",No body location information,"This image shows a close-up view of a skin disease characterized by red, inflamed patches on the skin. The cause of this condition is not yet clear, but it may be related to an autoimmune disorder. Treatment options include topical creams and corticosteroids to reduce inflammation and prevent further irritation."
IIYI/12557_4.png,no definitive diagnosis,unknown,"The image shows scattered, small, erythematous macules or papules on the skin. The lesions are diffuse and appear to be of varying sizes and shapes, without clear clustering or specific pattern. The surrounding skin appears normal in texture and color, and there are no visible vesicles, scales, or ulcerations. The overall appearance is consistent with a non-specific dermatitis or allergic reaction, but no definitive diagnosis can be made without clinical context or additional diagnostic information.",measles,No body location information,The user is discussing a suspected case of adult measles. The post title suggests this and is followed by mentions of high fever and maculopapular rash. A user mentioned observing two cases of adult measles. One was confirmed through the presence of Koplik's spots while the second case was diagnosed outside of the forum discussions. The ongoing discussion appears to support the user's suspicion of having a typical presentation of adult measles.
pubmed/fc_11_PMC10884590_Vetworld-17-150-g001_0.jpg,no definitive diagnosis,fish,"The image shows a fish with mottled, irregular pigmentation on its skin. There are no visible skin lesions, rashes, or abnormalities consistent with dermatological conditions in humans or animals. The appearance is consistent with natural coloration or possible environmental factors affecting the fish's skin.",no definitive diagnosis,No body location information,Epinephilus chlorostigma showing emaciation.
youtube/R9Drgo1xMqg_frame_8972_0_0.jpg,no definitive diagnosis,lower leg,"The image shows a lower leg with a linear incision that appears to be surgically sutured, with visible blood and surrounding erythema. The skin surface is moist and appears inflamed. There is no clear dermatological lesion or disease process visible; the appearance is consistent with a post-operative surgical site.",allergic contact dermatitis,No body location information,"This image shows a skin disease characterized by a purple, raised, and itchy rash, often caused by an allergic reaction to certain substances, and can be treated with topical creams and avoiding the allergen."
youtube/iFnBzD19FrE_frame_64737_0.jpg,no definitive diagnosis,,"The image shows an indoor setting with a projector screen and part of a podium, with no visible skin lesions or dermatological findings.",proliferations,oral,"This image shows a close-up view of a skin disease characterized by red, inflamed patches on the skin, caused by an overproduction of skin cells. Treatment options include topical creams and ointments, as well as oral medications in some cases."
pubmed/15_03_PMC10327660_dr-15-2-9617-g001_0.jpg,no definitive diagnosis,chest,"The image shows the chest area of an elderly individual with diffuse, fine telangiectasia and scattered hyperpigmented macules. The skin appears aged with visible striae and mild erythema. There are no discrete, well-defined lesions suggestive of a specific dermatological condition.",drug eruption,No body location information,"A few days after hospitalization, erythema covered the body."
youtube/ZO_3RM9qssE_frame_26250_1.jpg,no definitive diagnosis,oral cavity,"The image shows a close-up of the oral cavity, with visible teeth and surrounding inflamed, erythematous mucosa. There is no clear, distinct skin lesion or dermatological condition identifiable beyond general mucosal irritation or inflammation.",exophytic papillary growth,lips,"This image shows an exophytic papillary growth, which is a common benign tumor of the minor salivary gland, often seen in older patients, particularly in the lower lip and mandibular vestibules. It is characterized by multiple papillary projections that are continuous with the lining, which is covered by stratified squamous epithelium."
edu/Amanda Oakley - Dermatology Made Easy-SCION PUBLISHING (2017)-OCR1_00475_17075.png,no definitive diagnosis,upper arm,"The image shows multiple erythematous, slightly raised, and scattered lesions on the upper arm. The lesions vary in size and appear to be superficial, with some showing a slightly scaly or rough texture. There is no clear pattern or specific morphology that allows for a definitive diagnosis without additional clinical context or history.","eczema, discoid eczema",No body location information,Exudative acute discoid eczema.
youtube/Vrk7360xziM_frame_6521_0.jpg,no definitive diagnosis,not specified,"The image shows a small, erythematous, scaly lesion on the skin, surrounded by normal skin and hair follicles. The lesion appears to be superficial and may represent a variety of conditions such as a minor inflammatory dermatosis, lichenification, or a localized reaction. The presence of scale and erythema suggests possible irritation or mild inflammation, but without additional clinical context or diagnostic tools, a specific diagnosis cannot be confirmed.",allergic contact dermatitis,No body location information,"This image shows a close-up view of a skin disease characterized by red, itchy patches on the skin, caused by an allergic reaction to a particular substance. The treatment options include avoiding the allergen, using over-the-counter creams for relief, and consulting a dermatologist for further treatment."
youtube/OT0JmxCglI4_frame_178469_2.jpg,no definitive diagnosis,,"The image shows a piece of tissue, likely excised, with a red, irregular, and somewhat granular surface. It appears to be a surgical specimen on a gauze pad, but there is no visible skin lesion or context to determine a dermatological condition.",no definitive diagnosis,No body location information,This image shows a sensational Matrix-themed lobby with no archives or matrix-related content.
pubmed/8b_be_PMC10195979_gr4a.png,no definitive diagnosis,abdomen,"The image shows the abdomen of a patient with dark skin tone. There are two linear, fresh-looking incisional wounds with active bleeding, suggesting recent surgical intervention. A small, dark, circular lesion is also visible near the center of the abdomen. The surrounding skin appears intact, with no obvious signs of rash, infection, or other dermatological conditions. The presence of surgical equipment and dressings indicates a post-operative setting.",no definitive diagnosis,chest,A Incisions used for debridement and serve as limiting incision. Healthy looking and bleeding skin and clamped chest tube.B Incisions used for debridement and serve as limiting incision. Healthy looking and bleeding skin and clamped chest tube.
youtube/GamzNQ1mnRE_frame_809_0_0.jpg,no definitive diagnosis,finger,"A small, rounded, erythematous lesion with a central ulceration or crater is visible on the fingertip. The lesion appears to be superficial and may be associated with surrounding inflammation or minor trauma. The surrounding skin shows some moisture or exudate, and the nail bed is partially visible with no obvious signs of nail dystrophy.",pyogenic granuloma,No body location information,"This image shows a Pyogenic Granuloma, a benign skin tumor commonly affecting children and young adults, characterized by a red, raised, and sometimes bloody lesion."
pubmed/f3_be_PMC10868120_12903_2024_3998_Fig1_HTML.png,no definitive diagnosis,oral cavity,"The image shows the oral cavity, including the teeth, gums, and tongue. The teeth appear discolored and have surface irregularities, possibly due to staining, decay, or enamel erosion. The gums are pink and appear healthy, with no obvious signs of inflammation or lesions. The tongue is visible with its typical texture and coloration. There are no clear dermatological lesions or skin conditions evident in this image.",no definitive diagnosis,No body location information,Intraoral view of a lingually bonded fixed steel retainer (test group)
public/dermoscopy-00--isic2017-task1--ISIC-0010185--2d-none.png,no definitive diagnosis,,"The image shows a small, irregularly shaped, brownish pigmented area on the skin. The lesion appears to have a somewhat diffuse and uneven border with scattered darker spots. The surrounding skin is pale with some faint discoloration. Without additional clinical context or higher-resolution imaging, no definitive diagnosis can be made.","melanocytic nevus, nevus",No body location information,"The image is a dermoscopy photograph focusing on a pigmented skin lesion. The lesion is located centrally and occupies approximately 12.5% of the image area. The region of interest, which is centrally located in the middle of the image, displays a pigmented lesion with an irregular distribution of color and texture, suggesting potential abnormality. The lesion's irregularity in color and texture, compared to the surrounding skin, may indicate a pathological process. The lesion's characteristics and its central position relative to the rest of the skin surface could suggest it is the primary area of concern, with the surrounding skin potentially being affected or showing relative positional changes due to the presence of the lesion."
pubmed/18_db_PMC3956789_ad-26-139-g001_2.jpg,no definitive diagnosis,thigh,"Multiple linear purpuric marks and a larger, pale, irregularly shaped area are visible on the thigh. These appear to be superficial bruises or trauma-related discolorations, possibly from recent injury or friction. No specific dermatological disease is evident.",striae,No body location information,Fresh erythematous striae located on the right peroneal region were not affected by vitiligo.
youtube/N6AUh84mRrI_frame_73721_2.jpg,no definitive diagnosis,eyelid,"The image shows a close-up of an open wound or surgical incision on the eyelid, with visible tissue edges and a thin instrument (possibly a needle or suture) inserted into the area. There is significant redness and possible bleeding, suggesting recent trauma or surgical intervention. The surrounding skin appears inflamed and irritated.",no definitive diagnosis,No body location information,"This image describes the various surgical procedures for treating malignant eyelid tumors, including complete surgical excision with margin clearance, pentagon excision for small defects, transposition or local advancement flaps, and eyelid sparing procedures. Reconstruction of the canthus is also important, and different flap combinations can be used depending on the extent of involvement."
pubmed/e5_f4_PMC8355434_RCR2_9_e0827_g006_2.png,no definitive diagnosis,hand,"The image shows a hand resting on a marble surface. There are no visible skin lesions, rashes, or abnormalities such as erythema, scaling, ulceration, or pigmentation changes. The skin appears normal in texture and color. No dermatological condition can be identified from this image.",vasculitis,No body location information,"Clinical examination showing a digital ulcer, flexion contractures, and dry gangrene."
youtube/BC-OLAoqCk4_frame_10492_0_0.jpg,no definitive diagnosis,face,"The image shows a child's face with visible redness and possible irritation or inflammation, particularly around the eyes and cheeks. The child appears to be crying or distressed, and an adult is attending to them. The quality of the image is low-resolution and grainy, making detailed dermatological assessment difficult. There are no clear, identifiable skin lesions such as vesicles, pustules, or specific patterns that would allow for a definitive diagnosis.","irritated seborrheic keratosis (from ""sk/isk"")",mouth,"This image shows a person with mouth blisters, likely caused by an autoimmune skin disease, and may require medical treatment to manage symptoms and prevent further complications."
youtube/Xm46eaDAQ9c_frame_328_0_0.jpg,no definitive diagnosis,shoulder,"The image shows a tattoo of a flea on the shoulder. There is also a red, inflamed area visible on the upper back, but no clear dermatological lesion or disease is identifiable from the image alone.",allergic contact dermatitis,No body location information,"This image shows a close-up view of a skin disease characterized by red, itchy patches on the skin. The cause of this condition is an allergic reaction to certain substances, and treatment options include avoiding the allergen, using over-the-counter creams, and seeing a dermatologist for prescription medication."
youtube/7kHm0OypXeI_frame_13724_2.jpg,no definitive diagnosis,hands,"The image shows the palms of both hands with diffuse erythema and mild scaling. There are no discrete lesions, vesicles, ulcers, or plaques visible. The skin appears uniformly inflamed without clear borders or specific patterns, suggesting a non-specific inflammatory or irritative process.",acral dermatitis,"hand, foot","This image describes acral dermatitis, a common skin condition in chemo patients characterized by red, purple, and painful hands and feet that may peel and heal after several weeks."
edu/Aimilios Lallas- Zoe Apalla- Elizabeth Lazaridou- Dimitrios Ioannides - Dermatoscopy A-Z-CRC Press (2019)_00025_00174.png,no definitive diagnosis,,"The image shows a diffuse, irregularly shaped area of erythema with scattered small hyperpigmented macules and some superficial scaling or crusting. The lesion lacks clear borders and appears to be a non-specific inflammatory or reactive process. Without additional clinical context or diagnostic tools, a specific dermatological diagnosis cannot be confirmed.",basal cell carcinoma,No body location information,Large ulceration (basal cell carcinoma).
"note/Robert Johr, Wilhelm Stolz - Dermoscopy Criteria Review-McGraw-Hill Professional (2019)_00269_01464_0.png",no definitive diagnosis,unspecified,"The image shows a close-up of pinkish-red skin with visible fine blood vessels (telangiectasia) and scattered small, whitish bumps. The surface appears slightly textured with fine scaling or roughness. There is no clear, distinct lesion such as a papule, plaque, or ulcer that would allow for a specific dermatological diagnosis.",no definitive diagnosis,face,"A 79-year-old man complained of swelling, redness, and itching on his face for the past year."
youtube/cxnwhiVwGbg_frame_9310_0.jpg,no definitive diagnosis,,"The image shows a non-polarized dermoscopy view of a pinkish, slightly raised lesion with multiple small, white, circular structures and scattered red areas. The lesion appears to be on a pinkish background skin. There is an arrow pointing to a specific area, but no clear diagnostic features are identifiable without additional clinical context.",non-melanocytic lesions,No body location information,"This image describes non-melanocytic lesions, which are skin disorders caused by factors other than melanocytes, and may appear as flat or raised patches with various colors. Treatment options include topical creams and laser therapy."
public/dermoscopy-00--isic2016-task1--ISIC-0000065--2d-none.png,no definitive diagnosis,unknown,"A solitary, irregularly shaped, brownish pigmented lesion with varied coloration and indistinct borders, appearing on a pale skin background. Several hairs are visible crossing over the lesion.",melanoma,No body location information,"The image is a dermoscopy photograph focusing on a pigmented skin lesion. The lesion is centrally located in the image and occupies a significant portion of the visual field. The surrounding skin appears to be normal, with no other organs or medical devices visible. The region of interest, located centrally and occupying 36.7% of the image area, exhibits a pigmented lesion with variations in color, texture, and possibly size. The lesion's irregular borders and heterogeneous coloration, which includes shades of brown and black, are indicative of abnormal skin features. The lesion's irregularity and color variation within the region of interest may suggest a potential malignancy, which could be influencing or indicative of the condition of the surrounding skin. The lesion's characteristics, such as asymmetry and uneven borders, are often associated with melanoma, which could be related to the changes in the lesion's appearance. The dermoscopy image displays a pigmented skin lesion with irregular borders and heterogeneous coloration, centrally located on the skin. The lesion's distinct appearance compared to the surrounding skin suggests potential malignancy, which may be related to the changes observed."
IIYI/16689_1.png,no definitive diagnosis,arm,"A red, ulcerated lesion with a central area of necrosis or sloughing, surrounded by erythema and raised borders. The lesion appears to be an open wound with possible signs of infection or chronic ulceration.",cutaneous sporotrichosis,forearm,"The poster has been experiencing an ulcer on the right forearm for two months and has undergone a biopsy. The discussion among users suggested possibilities of basal cell carcinoma (BCC) or squamous cell carcinoma (SCC) based on the biopsy images, but the confirmed diagnosis through pathology and PAS staining is sporotrichosis."
youtube/1O4E-aTIIiY_frame_8576_6.jpg,no definitive diagnosis,lower lip,"A small, irregularly shaped, dark red to purplish lesion is visible on the lower lip, appearing slightly raised and possibly ulcerated or crusted. The surrounding skin shows normal aging changes, including fine wrinkles and mild hyperpigmentation.",squamous cell carcinoma,lips,"This image shows an example of white circle and dotted vessels along with shiny white streaks, which are commonly observed in squamous cell carcinoma on the lip."
IIYI/23009_1.png,no definitive diagnosis,forearm,"The image shows multiple areas of bruising (ecchymosis) on the forearm, with varying shades of purple and red. There is also a small linear laceration within one of the bruised areas. The surrounding skin appears intact without signs of infection or other dermatological conditions.",actinic solar damage(solar purpura),No body location information,"Elderly male, prone to triggering after injury. Complaint of senile purpura. Discussions indicated that while senile purpura can be diagnosed, further blood tests (referred to as 'blood Rt') are suggested to rule out other hematological conditions, such as scurvy and hemophilia."
pubmed/c0_95_PMC8567499_WJCC_9_9228_g004_0.png,no definitive diagnosis,palms of hands,"The image shows the palms of both hands, which appear smooth and without visible lesions, rashes, discoloration, or abnormalities. There are no signs of dermatological conditions such as eczema, psoriasis, or dermatitis. The skin texture and color appear normal.",no definitive diagnosis,No body location information,Functional results at the 5-year follow-up.
youtube/Sv7YGWDfkQo_frame_9321_0_0.jpg,no definitive diagnosis,,"The image shows a pigmented lesion with irregular borders and heterogeneous coloration, including shades of brown, tan, and areas of lighter pigmentation. The lesion appears asymmetrical and has a somewhat lobulated or uneven surface. There are scattered darker spots within the lesion, and some areas appear slightly raised or textured. The surrounding skin is relatively normal in appearance.",contact dermatitis,No body location information,"This image shows a close-up view of a person's skin, which appears to have a red, itchy rash with small bumps and blisters. The rash is likely caused by an allergic reaction to an irritant, and treatment options may include topical creams or ointments to reduce inflammation and itching."
pubmed/73_ca_PMC4872913_1679-4508-eins-14-1-0025-gf01-pt_2.jpg,no definitive diagnosis,eyelid,"The image shows a close-up of the inner eyelid (conjunctival area) with visible erythema and a small, possibly ulcerated or inflamed lesion. There is also a white gauze pad partially covering the area, and the surrounding skin appears inflamed. The presence of a gloved finger suggests clinical examination or intervention. The exact nature of the lesion is unclear without additional context or diagnostic information.",no definitive diagnosis,No body location information,(C) Abertura da cápsula com drenagem completa do conteúdo.
pubmed/54_31_PMC3827529_IJD_58_492a_g001.png,no definitive diagnosis,glans penis,"The image shows a thick, whitish, rough, and hyperkeratotic lesion on the glans penis, which appears to be a focal area of scaling and possible ulceration or crusting. The surrounding skin is darkly pigmented and covered with coarse hair. The lesion's appearance is suggestive of a chronic dermatosis or infection, but without clinical context, histopathology, or additional findings, a specific diagnosis cannot be confirmed.","tinea, tinea cruris",penis,"Well-defined, dry, micaceous scaly plaque over the glans penis"
youtube/LuzZ5bAaWDY_frame_3863_2.jpg,no definitive diagnosis,,"The image appears to be a blurred or abstract pattern with indistinct shapes and a muted pinkish-brown coloration, lacking any identifiable skin lesion, texture, or dermatological feature.",squamous cell carcinoma,No body location information,"This image depicts squamous cell carcinoma, the second most common skin cancer, characterized by scaly red patches, open sores, rough thickened or wart-like skin, and raised growths with a central depression, often caused by UV rays or other damaging agents."
youtube/_IxzrKPJdyw_frame_5576_0.jpg,no definitive diagnosis,arm,"The image shows a person holding their arm, with text overlay asking about relief from itchiness after liposuction. No visible skin lesions, rashes, or specific dermatological findings are present in the image.","irritated seborrheic keratosis (from ""sk/isk"")",No body location information,"This image shows a person with a skin disease characterized by red, inflamed patches on their skin. The cause of this condition is not yet clear, but it may be related to an autoimmune disorder. Treatment options include topical creams and corticosteroids to reduce inflammation and prevent flare-ups."
youtube/KtE0xQG2ceI_frame_6866_6.jpg,no definitive diagnosis,unknown,"The image shows a close-up of skin with multiple small, translucent, yellowish to orange papules or vesicles, some of which appear to be filled with fluid. There are also a few small red macules scattered among the lesions. The overall skin appears erythematous. The image quality is low, making precise diagnosis difficult.",allergic contact dermatitis,oral,"This image shows a close-up view of a skin disease characterized by red, inflamed patches on the skin, likely caused by an allergic reaction to a specific substance. Treatment options may include topical creams or oral medications to reduce inflammation and alleviate symptoms."
youtube/ypkfPgxNFms_frame_14666_1.jpg,no definitive diagnosis,face,"The image shows a close-up of skin with a visible nose and surrounding area. The skin appears to have a slightly rough or textured surface, but there are no clear signs of a specific dermatological lesion, such as a rash, lesion, or abnormal growth. The image quality is low, limiting detailed analysis.",no definitive diagnosis,No body location information,"This image depicts a red, potentially inflamed skin condition that may require a biopsy for diagnosis and treatment."
"edu/Dr. Anthony J. Mancini MD  FAAP  FAAD (editor), Dr. Daniel P. Krowchuk MD  FAAP (editor) - Pediatric Dermatology- A Quick Reference Guide-American Academy of Pediatrics (2020)_00381_11401.png",no definitive diagnosis,"face, specifically the side of the head near the ear","The image shows the side of a newborn's head, with visible fine hair and a pacifier in the mouth. There are no clear, distinct skin lesions such as rashes, lesions, or abnormalities that would indicate a specific dermatological condition. The skin appears generally healthy with some mild scaling or flaking in a few areas, which may be normal for a newborn.",dermatitis,face,Erythematous patches with greasy scale on the face of an infant with seborrheic dermatitis.
"edu/Habif, Thomas P. - Clinical Dermatology (5th ed.)  -Elsevier Health Sciences-部分2_00017_04888.png",no definitive diagnosis,palms of hands,"The palms of both hands show diffuse scaling and fine linear fissures, with a rough, flaky appearance. The skin appears dry and lacks normal smoothness, particularly on the dorsal surfaces of the fingers and across the palm centers. There is no clear evidence of specific dermatological lesions such as vesicles, plaques, or erythema that would allow for a definitive diagnosis.",cradle cap,No body location information,"The involved palm is thickened, very dry, and scaly. The patient is often unaware of the infection and feels that these changes are secondary to dry skin or hard physical labor."
youtube/ZfpA_Vc0f60_frame_59_0_0.jpg,no definitive diagnosis,around the mouth,"The image shows the perioral area with visible skin texture, fine hair, and some erythema or inflammation around the lips. There are no clear lesions such as vesicles, ulcers, or plaques that would indicate a specific dermatological condition. The skin appears moist and possibly irritated, but without additional clinical context, no definitive diagnosis can be made.",contact dermatitis,lips,"This image depicts dark lips as a symptom of allergic contact dermatitis, a skin condition caused by an allergic reaction to a substance that comes into contact with the skin."
youtube/wFwNjR0Rogc_frame_132227_0.jpg,no definitive diagnosis,face,"The image shows diffuse erythema (redness) on the facial skin, particularly around the cheek area. There are also scattered small, superficial lesions that appear to be papules or pustules, consistent with inflammatory acne or a similar inflammatory dermatosis. The skin texture appears slightly rough, and there is mild scaling or flaking in some areas. The eyelid margin is visible, indicating the lesion is located near the eye. Without additional clinical context, a precise diagnosis cannot be made.",no definitive diagnosis,"eye, nose","This image shows a dermatologist discussing various skin conditions with a patient. The patient has a skin disease that appears as large, white, cicatricial patches on the skin, mainly located on the nose. The dermatologist considers various options for the diagnosis, including actinic keratosis, lichen sclerosus, granulomatous inflammation, sarcoidosis, tuberculosis, lymphoma, and demodex. The dermatologist also mentions that the patient has good health and there are no comedonal eye openings, which is a clue that it may not be lichen sclerosus. The treatment options for this skin disease include topical treatments and, in some cases, surgery."
youtube/fmL_3Mt08GQ_frame_13703_0.jpg,no definitive diagnosis,abdomen,"The image shows a small, faintly erythematous area on the abdominal skin, with no clear signs of a distinct lesion, rash, or dermatological abnormality. The surrounding skin appears normal.",cutaneous t-cell lymphoma (mf),"breasts, abdomen, buttocks","This image describes the clinical presentation of MF in children, which can be misleading and cause delays in diagnosis. It presents as patches and plaque on unexposed areas such as the breast, lower abdomen, and buttocks, but in 45% of cases, it appears as whitish, hypopigmented lesions."
"note/Klaus Wolff, Lowell Goldsmith, Stephen Katz, Barbara Gilchrest, Amy Paller, D-部分5_00345_16576_1.png",no definitive diagnosis,face,"The image shows diffuse erythema and mild scaling on the face, particularly around the nose and cheeks, with some fine wrinkles and signs of aging skin. There are no discrete lesions such as papules, pustules, or plaques that would allow for a specific dermatological diagnosis.",no definitive diagnosis,No body location information,"After excision, the defect appears."
pubmed/6b_ac_PMC5808376_dp0801a14g003_2.png,no definitive diagnosis,,"The image shows a close-up of skin with a reddish-orange hue, featuring a central area with a textured, granular appearance indicated by an arrow. There is also a small, dark red spot to the left. The overall appearance is non-specific and lacks clear diagnostic features for a definitive dermatological condition.","lentigo, lentigo maligna",No body location information,Dermoscopy of the four most recent lesions of lentigo maligna.
